City_ID,City,Latitude,Longitude,Maximum Temperature,Humidity,Cloudiness,Wind Speed,Country,Date(of Weather Data)
0,khatanga,71.97,102.5,3.58,93,100,10.85,RU,04/01/2020
1,rondonopolis,-16.47,-54.64,74.84,73,2,1.88,BR,04/01/2020
2,noumea,-22.28,166.46,84.2,62,20,17.22,NC,04/01/2020
3,punta arenas,-53.15,-70.92,48.2,76,75,14.99,CL,04/01/2020
4,rikitea,-23.12,-134.97,79.29,71,100,6.04,PF,04/01/2020
5,puerto ayora,-0.74,-90.35,78.01,80,15,1.01,EC,04/01/2020
6,kavieng,-2.57,150.8,83.7,78,94,13.96,PG,04/01/2020
7,vaini,-21.2,-175.2,84.2,74,20,8.05,TO,04/01/2020
8,portland,45.52,-122.68,46.4,61,75,11.41,US,04/01/2020
9,hamilton,39.18,-84.53,43,87,90,3.36,US,04/01/2020
10,shahr-e babak,30.12,55.12,48.94,31,0,0.76,IR,04/01/2020
11,cidreira,-30.18,-50.21,72.12,87,71,15.3,BR,04/01/2020
12,vendome,47.8,1.07,37.4,74,0,9.17,FR,04/01/2020
13,yellowknife,62.46,-114.35,3.2,41,20,8.05,CA,04/01/2020
14,bengkulu,-3.8,102.27,84.51,65,100,3.06,ID,04/01/2020
15,mugur-aksy,50.35,90.5,23.09,45,0,5.19,RU,04/01/2020
16,champerico,14.3,-91.92,81.03,74,2,8.99,GT,04/01/2020
17,hilo,19.73,-155.09,73.4,83,90,4.7,US,04/01/2020
18,cherskiy,68.75,161.3,9.81,91,7,9.22,RU,04/01/2020
19,ushuaia,-54.8,-68.3,46.4,75,40,6.93,AR,04/01/2020
20,longyearbyen,78.22,15.64,-5.8,83,20,6.93,SJ,04/01/2020
21,mulege,26.88,-111.98,70.56,40,100,2.44,MX,04/01/2020
22,ambilobe,-13.2,49.05,75.11,90,76,2.46,MG,04/01/2020
23,jacareacanga,-6.22,-57.75,74.8,93,100,1.3,BR,04/01/2020
24,maarianhamina,60.1,19.93,37.4,59,55,12.75,AX,04/01/2020
25,mahebourg,-20.41,57.7,82,94,40,6.96,MU,04/01/2020
26,high level,58.52,-117.14,6.8,60,79,11.41,CA,04/01/2020
27,east london,-33.02,27.91,60.8,93,75,14.99,ZA,04/01/2020
28,kodiak,57.79,-152.41,37.4,51,90,9.17,US,04/01/2020
29,albany,42.6,-73.97,39.2,51,20,4.7,US,04/01/2020
30,zeya,53.75,127.27,34.38,77,87,5.95,RU,04/01/2020
31,mujiayingzi,42.12,118.78,45.01,29,0,10.78,CN,04/01/2020
32,lorengau,-2.02,147.27,83.25,80,98,11.95,PG,04/01/2020
33,santa cruz,-17.8,-63.17,75.2,94,96,4.7,BO,04/01/2020
34,clyde river,70.47,-68.59,-0.4,70,75,9.17,CA,04/01/2020
35,mataura,-46.19,168.86,64,63,10,5.01,NZ,04/01/2020
36,arraial do cabo,-22.97,-42.03,75.2,94,40,3.36,BR,04/01/2020
37,jamestown,42.1,-79.24,42.8,93,90,5.82,US,04/01/2020
38,tura,25.52,90.22,86.95,16,0,3.18,IN,04/01/2020
39,luau,-10.71,22.22,65.07,65,96,2.53,AO,04/01/2020
40,nizhniy odes,63.64,54.86,14.16,93,5,3.85,RU,04/01/2020
41,lebu,-37.62,-73.65,55.33,77,2,16.98,CL,04/01/2020
42,coihaique,-45.58,-72.07,44.6,81,40,2.24,CL,04/01/2020
43,hithadhoo,-0.6,73.08,83.3,66,93,9.15,MV,04/01/2020
44,zhenlai,45.85,123.3,53.15,34,0,14.43,CN,04/01/2020
45,saint-philippe,-21.36,55.77,79,73,75,9.17,RE,04/01/2020
46,yar-sale,66.83,70.83,4.96,92,6,3.42,RU,04/01/2020
47,kapaa,22.08,-159.32,78.8,73,75,14.99,US,04/01/2020
48,sao gabriel da cachoeira,-0.13,-67.09,74.32,95,100,0.49,BR,04/01/2020
49,norman wells,65.28,-126.83,17.6,34,5,14.99,CA,04/01/2020
50,chifeng,42.27,118.96,47.07,29,0,12.53,CN,04/01/2020
51,varkkallai,8.73,76.71,86,70,20,5.82,IN,04/01/2020
52,cape town,-33.93,18.42,63,67,20,19.46,ZA,04/01/2020
53,kavaratti,10.57,72.64,86,74,20,4.7,IN,04/01/2020
54,hermanus,-34.42,19.23,60.31,81,6,12.12,ZA,04/01/2020
55,butaritari,3.07,172.79,84.13,76,94,17.65,KI,04/01/2020
56,tuatapere,-46.13,167.68,64,63,0,5.01,NZ,04/01/2020
57,udachnyy,66.42,112.4,5,71,42,11.18,RU,04/01/2020
58,ribeira grande,38.52,-28.7,56.7,69,100,29.28,PT,04/01/2020
59,homer,59.64,-151.55,37.4,51,40,6.93,US,04/01/2020
60,jiaohe,43.73,127.34,45.99,40,0,8.95,CN,04/01/2020
61,ca mau,9.18,105.15,91.85,46,96,7.83,VN,04/01/2020
62,san patricio,19.22,-104.7,75.58,71,15,7.63,MX,04/01/2020
63,saskylakh,71.92,114.08,-7.33,88,46,12.48,RU,04/01/2020
64,dikson,73.51,80.55,-2.38,93,100,5.66,RU,04/01/2020
65,morondava,-20.28,44.28,74.7,79,0,3.94,MG,04/01/2020
66,nome,64.5,-165.41,25,92,90,9.17,US,04/01/2020
67,nanortalik,60.14,-45.24,33.04,85,86,13.24,GL,04/01/2020
68,kumluca,36.37,30.29,56.32,64,45,5.19,TR,04/01/2020
69,waitara,-38.92,174.25,71.01,54,96,5.99,NZ,04/01/2020
70,faya,18.39,42.45,60.8,63,5,10.29,SA,04/01/2020
71,busselton,-33.65,115.33,78.01,35,100,2.48,AU,04/01/2020
72,chuy,-33.7,-53.46,68.22,75,56,13.18,UY,04/01/2020
73,pevek,69.7,170.31,5,90,84,0.81,RU,04/01/2020
74,atuona,-9.8,-139.03,82,80,1,13.6,PF,04/01/2020
75,narsaq,60.92,-46.05,30.2,68,20,3.36,GL,04/01/2020
76,gaoual,11.75,-13.2,75.38,60,43,2.08,GN,04/01/2020
77,peniche,39.36,-9.38,46,93,20,10.76,PT,04/01/2020
78,mackay,-21.15,149.2,84.99,65,42,14.99,AU,04/01/2020
79,souillac,-20.52,57.52,82,94,40,5.53,MU,04/01/2020
80,mogadishu,2.04,45.34,84.2,70,75,11.41,SO,04/01/2020
81,basoko,1.24,23.62,71.46,87,100,1.95,CD,04/01/2020
82,rio grande,-32.03,-52.1,69.89,84,67,18.59,BR,04/01/2020
83,acajutla,13.59,-89.83,71.01,96,0,1.99,SV,04/01/2020
84,ilulissat,69.22,-51.1,3.2,71,100,16.11,GL,04/01/2020
85,hobart,-42.88,147.33,70,48,75,11.41,AU,04/01/2020
86,constitucion,-35.33,-72.42,56.93,69,2,11.39,CL,04/01/2020
87,sakakah,29.97,40.21,62.6,21,5,6.93,SA,04/01/2020
88,katete,-0.78,29.75,63.66,58,75,4.09,UG,04/01/2020
89,mar del plata,-38,-57.56,66,68,90,10.29,AR,04/01/2020
90,csokmo,47.03,21.3,27,73,0,5.82,HU,04/01/2020
91,thompson,55.74,-97.86,10.4,78,75,13.87,CA,04/01/2020
92,guerrero negro,27.98,-114.06,66.94,52,100,12.28,MX,04/01/2020
93,guilin,25.28,110.29,59,72,90,4.47,CN,04/01/2020
94,birao,10.28,22.79,75.92,16,2,4.59,CF,04/01/2020
95,cayenne,4.93,-52.33,77,94,75,3.36,GF,04/01/2020
96,jalu,29.03,21.55,54.97,77,0,5.97,LY,04/01/2020
97,alofi,-19.06,-169.92,86,74,75,6.93,NU,04/01/2020
98,balikpapan,-1.27,116.83,82.4,83,40,10.29,ID,04/01/2020
99,mahon,39.89,4.27,55.4,82,84,13.87,ES,04/01/2020
100,rastolita,46.97,24.99,23.23,79,2,4.41,RO,04/01/2020
101,antofagasta,-23.65,-70.4,64.4,82,90,9.17,CL,04/01/2020
102,abha,18.22,42.51,60.8,63,5,10.29,SA,04/01/2020
103,nouadhibou,20.93,-17.03,66.2,77,98,9.17,MR,04/01/2020
104,leshukonskoye,64.9,45.76,15.06,94,100,6.78,RU,04/01/2020
105,angul,20.85,85.1,92.97,17,0,0.76,IN,04/01/2020
106,voka,59.4,27.58,35.04,95,96,19.6,EE,04/01/2020
107,kitimat,54.05,-128.65,28.4,39,75,14.99,CA,04/01/2020
108,avarua,-21.21,-159.78,82.4,83,75,4.7,CK,04/01/2020
109,taganak,6.08,118.3,86,79,40,6.93,PH,04/01/2020
110,mazagao,-0.12,-51.29,78.8,100,84,3.36,BR,04/01/2020
111,khani,41.96,42.96,46.4,75,75,8.05,GE,04/01/2020
112,sao jose da coroa grande,-8.9,-35.15,80.13,82,68,8.88,BR,04/01/2020
113,nikolskoye,59.7,30.79,32,96,90,8.95,RU,04/01/2020
114,tual,-5.67,132.75,82.85,75,100,9.17,ID,04/01/2020
115,ndele,8.41,20.65,72.7,35,52,3.47,CF,04/01/2020
116,grand-santi,4.25,-54.38,73.11,93,99,2.35,GF,04/01/2020
117,bluff,-46.6,168.33,64,63,4,5.01,NZ,04/01/2020
118,camocim,-2.9,-40.84,76.95,91,100,6.46,BR,04/01/2020
119,ponta do sol,32.67,-17.1,59,58,20,12.75,PT,04/01/2020
120,geraldton,-28.77,114.6,77,44,75,12.75,AU,04/01/2020
121,fethiye,36.62,29.12,50,93,5,4.7,TR,04/01/2020
122,boke,10.94,-14.3,72.7,87,2,2.73,GN,04/01/2020
123,bukama,-9.2,25.85,69.39,77,55,0.38,CD,04/01/2020
124,dolores,-36.31,-57.68,63.59,84,96,11.5,AR,04/01/2020
125,ngunguru,-35.62,174.5,72,76,100,8.01,NZ,04/01/2020
126,iqaluit,63.75,-68.51,-5.8,53,20,10.29,CA,04/01/2020
127,irbit,57.67,63.07,33.26,90,100,7.67,RU,04/01/2020
128,puerto madryn,-42.77,-65.04,59.59,60,27,18.45,AR,04/01/2020
129,port-gentil,-0.72,8.78,81.68,82,83,9.95,GA,04/01/2020
130,pak chong,14.71,101.42,93.33,33,20,6.15,TH,04/01/2020
131,rapid valley,44.06,-103.15,46,65,1,16.11,US,04/01/2020
132,takoradi,4.88,-1.76,79.97,89,47,7.09,GH,04/01/2020
133,tuktoyaktuk,69.45,-133.04,10.4,66,20,21.92,CA,04/01/2020
134,ancud,-41.87,-73.82,42.8,100,23,3.36,CL,04/01/2020
135,liverpool,53.41,-2.98,44.6,93,71,5.82,GB,04/01/2020
136,doha,25.29,51.53,73.4,43,0,4.7,QA,04/01/2020
137,castro,-24.79,-50.01,65.1,58,65,3.74,BR,04/01/2020
138,kaitangata,-46.28,169.85,55.99,83,9,11.01,NZ,04/01/2020
139,kajaani,64.23,27.73,28.4,92,90,6.93,FI,04/01/2020
140,sabang,5.89,95.32,84.85,68,88,9.04,ID,04/01/2020
141,dobele,56.62,23.28,35.6,80,75,10.29,LV,04/01/2020
142,umm kaddadah,13.6,26.69,77.43,14,0,10.04,SD,04/01/2020
143,lagoa,39.05,-27.98,57.43,67,98,27.76,PT,04/01/2020
144,bethel,41.37,-73.41,42.8,78,20,3.15,US,04/01/2020
145,cabo san lucas,22.89,-109.91,70,60,40,3.36,MX,04/01/2020
146,san juan,-31.54,-68.54,74.48,49,88,9.86,AR,04/01/2020
147,black river,18.03,-77.85,80.6,74,20,3.36,JM,04/01/2020
148,airai,-8.93,125.41,73.06,54,30,3.42,TL,04/01/2020
149,sioux lookout,50.1,-91.92,39.2,51,5,3.36,CA,04/01/2020
150,tiksi,71.69,128.87,1.96,89,100,4.38,RU,04/01/2020
151,shelburne,44.08,-80.2,41,80,90,14.99,CA,04/01/2020
152,magistralnyy,56.17,107.45,38.75,64,100,13.06,RU,04/01/2020
153,vestmannaeyjar,63.44,-20.27,38.64,76,97,25.41,IS,04/01/2020
154,meulaboh,4.14,96.13,84.69,74,86,2.95,ID,04/01/2020
155,tasiilaq,65.61,-37.64,12.2,47,2,39.15,GL,04/01/2020
156,cooma,-36.23,149.13,71.6,40,4,18.34,AU,04/01/2020
157,weiser,44.25,-116.97,39.99,69,1,4.7,US,04/01/2020
158,walla walla,46.06,-118.34,46,56,20,16.11,US,04/01/2020
159,terrace bay,48.78,-87.1,31.08,90,100,10.38,CA,04/01/2020
160,beyneu,45.32,55.2,48.51,81,56,14.7,KZ,04/01/2020
161,tucuman,-26.82,-65.22,71.6,94,90,5.82,AR,04/01/2020
162,norden,53.6,7.2,37.99,82,89,6.93,DE,04/01/2020
163,savannah bight,16.45,-85.85,81.7,79,0,22.01,HN,04/01/2020
164,half moon bay,37.46,-122.43,57.99,87,90,10.29,US,04/01/2020
165,upernavik,72.79,-56.15,-4.32,87,85,13.71,GL,04/01/2020
166,magadi,12.97,77.23,87.01,28,16,6.93,IN,04/01/2020
167,yurty,56.05,97.63,38.03,74,95,8.95,RU,04/01/2020
168,bati,11.18,40.02,66.09,48,0,2.39,ET,04/01/2020
169,karratha,-20.74,116.85,91.94,23,95,8.19,AU,04/01/2020
170,zhuhai,22.28,113.57,72,88,40,16.11,CN,04/01/2020
171,vanimo,-2.67,141.3,85.35,66,100,6.44,PG,04/01/2020
172,winneba,5.35,-0.62,82.4,88,20,10.29,GH,04/01/2020
173,mugla,37.23,28.36,50,93,17,4.7,TR,04/01/2020
174,naze,28.37,129.48,69.8,77,75,11.41,JP,04/01/2020
175,bonavista,48.65,-53.11,33.01,85,100,4,CA,04/01/2020
176,lokosovo,61.13,74.82,34.47,93,100,8.68,RU,04/01/2020
177,dongsheng,39.82,109.98,36.93,32,45,15.26,CN,04/01/2020
178,flinders,-34.58,150.86,73.4,73,75,14.99,AU,04/01/2020
179,aden,12.78,45.04,81.32,79,55,16.13,YE,04/01/2020
180,saint anthony,45.02,-93.22,46.4,52,1,8.16,US,04/01/2020
181,mandalgovi,45.76,106.27,35.11,32,0,12.71,MN,04/01/2020
182,dehloran,32.69,47.27,62.28,43,7,5.7,IR,04/01/2020
183,torbay,47.67,-52.73,39.99,100,90,11.41,CA,04/01/2020
184,mount isa,-20.73,139.5,95,23,0,12.75,AU,04/01/2020
185,rio gallegos,-51.62,-69.22,46.4,70,100,5.82,AR,04/01/2020
186,itarema,-2.92,-39.92,77.77,89,100,6.96,BR,04/01/2020
187,lavrentiya,65.58,-171,24.37,95,100,7.78,RU,04/01/2020
188,kahului,20.89,-156.47,75.2,69,40,9.17,US,04/01/2020
189,baykit,61.67,96.37,22.15,90,84,1.95,RU,04/01/2020
190,saint george,37.1,-113.58,62.6,33,1,4.7,US,04/01/2020
191,qaanaaq,77.48,-69.36,2.8,88,100,5.1,GL,04/01/2020
192,christchurch,-43.53,172.63,66.2,63,3,6.93,NZ,04/01/2020
193,kanadey,53.17,47.53,30.76,89,8,13.27,RU,04/01/2020
194,ambulu,-8.35,113.61,84.67,67,32,2.44,ID,04/01/2020
195,vadamadurai,10.47,78.08,80.04,51,79,2.44,IN,04/01/2020
196,tevriz,57.51,72.4,32.41,90,100,7,RU,04/01/2020
197,nata,8.33,-80.52,75.99,46,2,5.01,PA,04/01/2020
198,asau,46.43,26.4,24.01,79,13,4.7,RO,04/01/2020
199,chokurdakh,70.63,147.92,1.31,92,93,3.22,RU,04/01/2020
200,avera,33.19,-82.53,57.2,100,90,9.17,US,04/01/2020
201,de aar,-30.65,24.01,58.96,56,13,12.28,ZA,04/01/2020
202,goulburn,-34.75,149.72,77,38,7,1.01,AU,04/01/2020
203,hasaki,35.73,140.83,57.2,93,75,10.29,JP,04/01/2020
204,saldanha,-33.01,17.94,57.2,76,0,8.05,ZA,04/01/2020
205,vershino-darasunskiy,52.35,115.52,40.68,42,1,13.82,RU,04/01/2020
206,moroto,2.53,34.67,68.32,54,9,3.58,UG,04/01/2020
207,new norfolk,-42.78,147.06,70,48,75,11.41,AU,04/01/2020
208,nizwa,22.93,57.53,72,52,0,1.54,OM,04/01/2020
209,praia,14.92,-23.51,73.4,69,100,9.17,CV,04/01/2020
210,gerede,40.8,32.2,34.5,65,100,3.83,TR,04/01/2020
211,namibe,-15.2,12.15,74.43,71,6,7.47,AO,04/01/2020
212,alyangula,-13.85,136.42,89.6,62,75,8.05,AU,04/01/2020
213,dingle,11,122.67,87.58,54,20,12.77,PH,04/01/2020
214,maldonado,-34.67,-54.92,66.2,88,22,10.29,UY,04/01/2020
215,the valley,18.22,-63.06,77,69,20,4.7,AI,04/01/2020
216,inuvik,68.35,-133.72,15.8,33,5,9.17,CA,04/01/2020
217,mkokotoni,-5.88,39.25,80.6,94,75,4.76,TZ,04/01/2020
218,mildura,-34.2,142.15,59,100,40,10.29,AU,04/01/2020
219,port elizabeth,-33.92,25.57,60.8,93,75,8.05,ZA,04/01/2020
220,caudry,50.12,3.41,35.6,91,0,9.17,FR,04/01/2020
221,serafimovich,49.58,42.74,28,80,0,11.36,RU,04/01/2020
222,rio brilhante,-21.8,-54.55,73.58,69,55,5.53,BR,04/01/2020
223,lumphat,13.49,106.98,100.02,30,20,2.73,KH,04/01/2020
224,fayaoue,-20.65,166.53,78.98,81,78,21.85,NC,04/01/2020
225,bijar,35.87,47.61,36.73,49,64,6.15,IR,04/01/2020
226,sao filipe,14.9,-24.5,72.43,82,100,11.59,CV,04/01/2020
227,sitka,57.05,-135.33,37.4,44,20,6.93,US,04/01/2020
228,luderitz,-26.65,15.16,62.6,59,0,13.87,NA,04/01/2020
229,waingapu,-9.66,120.26,86.31,62,22,5.97,ID,04/01/2020
230,paris,48.85,2.35,37.4,64,0,5.82,FR,04/01/2020
231,ostersund,63.18,14.64,32,91,89,21.92,SE,04/01/2020
232,vardo,70.37,31.11,21.2,92,75,16.11,NO,04/01/2020
233,tambopata,-12.73,-69.18,74.89,86,100,1.63,PE,04/01/2020
234,bredasdorp,-34.53,20.04,62.6,77,10,6.93,ZA,04/01/2020
235,omsukchan,62.53,155.8,15.57,83,67,8.3,RU,04/01/2020
236,college,64.86,-147.8,28.4,30,20,8.05,US,04/01/2020
237,bathsheba,13.22,-59.52,77,69,20,10.29,BB,04/01/2020
238,makakilo city,21.35,-158.09,78.8,78,20,3.36,US,04/01/2020
239,faanui,-16.48,-151.75,83.05,75,8,11.72,PF,04/01/2020
240,carnarvon,-24.87,113.63,77,65,100,16.11,AU,04/01/2020
241,vilhena,-12.74,-60.15,70.54,81,36,2.13,BR,04/01/2020
242,los llanos de aridane,28.66,-17.92,62.6,72,90,3.36,ES,04/01/2020
243,georgetown,5.41,100.34,89.6,70,20,1.12,MY,04/01/2020
244,catazaja,17.73,-92.02,79.27,70,34,5.17,MX,04/01/2020
245,bandarbeyla,9.49,50.81,79.88,76,32,8.16,SO,04/01/2020
246,chelmno,53.35,18.43,33.01,73,7,10.29,PL,04/01/2020
247,broome,42.25,-75.83,43,93,90,6.93,US,04/01/2020
248,klaksvik,62.23,-6.59,42.8,81,99,32.21,FO,04/01/2020
249,upata,8.01,-62.4,71.71,70,56,6.26,VE,04/01/2020
250,nabire,-3.37,135.48,87.21,65,94,7.58,ID,04/01/2020
251,margate,51.38,1.39,41,92,0,3.36,GB,04/01/2020
252,riyadh,24.69,46.72,68,24,0,9.17,SA,04/01/2020
253,vanavara,60.34,102.28,24.1,92,67,7.58,RU,04/01/2020
254,whitehorse,60.72,-135.05,17.6,31,40,10.29,CA,04/01/2020
255,prince rupert,54.32,-130.32,39.2,41,90,8.05,CA,04/01/2020
256,yulara,-25.24,130.99,95,26,100,21.92,AU,04/01/2020
257,abu kamal,34.45,40.92,62.78,47,99,14.32,SY,04/01/2020
258,nuuk,64.18,-51.72,14,61,81,8.05,GL,04/01/2020
259,dongfeng,42.64,125.51,45.97,38,0,11.9,CN,04/01/2020
260,estelle,29.85,-90.11,62.6,63,20,12.75,US,04/01/2020
261,kropotkin,45.44,40.58,41.5,77,0,3.22,RU,04/01/2020
262,hastings,50.86,0.57,39.99,100,0,1.12,GB,04/01/2020
263,kruisfontein,-34,24.73,60.21,84,70,3.96,ZA,04/01/2020
264,saint-joseph,-21.37,55.62,79,73,75,9.17,RE,04/01/2020
265,charters towers,-20.1,146.27,86.05,33,0,13.73,AU,04/01/2020
266,taoudenni,22.68,-3.98,73.98,17,92,5.95,ML,04/01/2020
267,brae,60.4,-1.35,46.4,81,65,26.4,GB,04/01/2020
268,krasnaya gora,53,31.6,28.4,86,99,11.18,RU,04/01/2020
269,te anau,-45.42,167.72,62.4,44,0,2.1,NZ,04/01/2020
270,papara,-3.98,-38.73,80.6,88,75,4.7,BR,04/01/2020
271,severo-kurilsk,50.68,156.12,36.18,86,100,17.25,RU,04/01/2020
272,hami,42.8,93.45,50.36,27,0,15.77,CN,04/01/2020
273,ketchikan,55.34,-131.65,37.4,37,20,16.11,US,04/01/2020
274,lata,40.16,-8.33,43,81,20,6.93,PT,04/01/2020
275,coahuayana,18.73,-103.68,74.35,73,11,2.57,MX,04/01/2020
276,kentau,43.52,68.51,54.63,78,100,8.12,KZ,04/01/2020
277,tutoia,-2.76,-42.27,80.08,84,100,10.71,BR,04/01/2020
278,chapais,49.78,-74.85,33.8,55,75,5.82,CA,04/01/2020
279,qasigiannguit,68.82,-51.19,3.2,77,99,16.11,GL,04/01/2020
280,awjilah,29.11,21.29,54.55,79,0,5.73,LY,04/01/2020
281,atar,20.52,-13.05,79.65,28,100,5.82,MR,04/01/2020
282,victoria,22.29,114.16,72,88,40,9.17,HK,04/01/2020
283,namatanai,-3.67,152.43,83.19,76,51,10.11,PG,04/01/2020
284,ozernovskiy,51.5,156.52,36.03,83,100,19.82,RU,04/01/2020
285,progreso,21.28,-89.67,79,83,75,5.82,MX,04/01/2020
286,oga,46.46,10.35,27,78,8,1.99,IT,04/01/2020
287,tshikapa,-6.42,20.8,71.89,80,87,0.83,CD,04/01/2020
288,maningrida,-12.07,134.27,88.88,58,98,9.75,AU,04/01/2020
289,lima,-12.04,-77.03,69.8,94,90,3.36,PE,04/01/2020
290,meshcherino,55.2,38.36,17.6,66,3,6.71,RU,04/01/2020
291,barrow,71.29,-156.79,15.8,78,75,16.11,US,04/01/2020
292,mayo,38.89,-76.51,43,81,90,10.29,US,04/01/2020
293,lasa,46.62,10.7,28,79,5,3.36,IT,04/01/2020
294,dudinka,69.41,86.18,10.4,92,75,17.9,RU,04/01/2020
295,san rafael,-34.62,-68.33,63,68,19,2.46,AR,04/01/2020
296,aklavik,68.22,-135.01,15.8,33,5,9.17,CA,04/01/2020
297,daur,26.46,68.32,73.4,64,0,9.17,PK,04/01/2020
298,langsa,4.47,97.97,88.7,61,93,3.11,ID,04/01/2020
299,katsuura,35.13,140.3,57.2,100,75,10.29,JP,04/01/2020
300,itoman,26.12,127.67,69.01,77,75,21.92,JP,04/01/2020
301,pangody,65.85,74.49,15.69,94,100,4.34,RU,04/01/2020
302,fort abbas,29.19,72.85,69.64,59,0,9.64,PK,04/01/2020
303,caravelas,-17.71,-39.25,77.95,87,11,7.18,BR,04/01/2020
304,ulladulla,-35.35,150.47,73.4,73,75,14.99,AU,04/01/2020
305,tilichiki,60.47,166.1,21.33,92,75,5.57,RU,04/01/2020
306,kulhudhuffushi,6.62,73.07,84.56,73,75,8.55,MV,04/01/2020
307,berlevag,70.86,29.09,28.26,91,100,19.46,NO,04/01/2020
308,shingu,33.73,135.98,59,100,75,8.05,JP,04/01/2020
309,neya,58.3,43.87,20.82,96,97,7.02,RU,04/01/2020
310,gizo,-8.1,156.84,83.28,77,99,15.57,SB,04/01/2020
311,lake havasu city,34.48,-114.32,69.8,28,1,4.7,US,04/01/2020
312,son la,21.32,103.9,82.94,39,31,2.53,VN,04/01/2020
313,yelizovo,53.19,158.38,44.6,45,20,15.66,RU,04/01/2020
314,kampot,10.62,104.18,89.6,70,40,9.17,KH,04/01/2020
315,benguela,-12.58,13.41,76.1,86,79,1.34,AO,04/01/2020
316,smolenka,52.14,113.5,46.4,24,13,22.37,RU,04/01/2020
317,rimoc,48.04,19.53,30.36,84,0,2.93,HU,04/01/2020
318,beringovskiy,63.05,179.32,31.28,96,85,17.47,RU,04/01/2020
319,fairbanks,64.84,-147.72,26.6,35,1,4.7,US,04/01/2020
320,luba,3.46,8.55,82.4,94,20,9.17,GQ,04/01/2020
321,huarmey,-10.07,-78.15,74.62,75,100,4.97,PE,04/01/2020
322,saint-augustin,51.23,-58.65,34.88,87,100,14.99,CA,04/01/2020
323,birnin kebbi,12.45,4.2,80.78,21,56,2.04,NG,04/01/2020
324,palestine,31.92,35.2,59,77,75,13.87,PS,04/01/2020
325,vestmanna,62.16,-7.17,42.8,81,100,32.21,FO,04/01/2020
326,turinsk,58.05,63.7,32.56,91,100,6.87,RU,04/01/2020
327,gainesville,29.65,-82.32,66.2,100,40,6.93,US,04/01/2020
328,port alfred,-33.59,26.89,63,99,56,1.99,ZA,04/01/2020
329,esperance,-33.87,121.9,71.6,53,69,5.82,AU,04/01/2020
330,maraba,-5.37,-49.12,82.4,88,100,3.36,BR,04/01/2020
331,marshall,34.38,-86.33,48.2,70,40,8.05,US,04/01/2020
332,wagar,16.15,36.2,69.8,31,70,9.78,SD,04/01/2020
333,kachiry,53.07,76.1,33.12,82,0,13.53,KZ,04/01/2020
334,broken hill,-31.95,141.43,75.2,50,40,5.82,AU,04/01/2020
335,pringsewu,-5.36,104.97,83.03,71,100,2.24,ID,04/01/2020
336,provideniya,64.38,-173.3,30.2,86,90,15.66,RU,04/01/2020
337,degtyarsk,56.7,60.09,37.4,69,100,4.47,RU,04/01/2020
338,vila franca do campo,37.72,-25.43,55.4,62,40,16.11,PT,04/01/2020
339,karymskoye,51.62,114.35,46.27,40,0,17.11,RU,04/01/2020
340,tacna,-18.01,-70.25,73.4,60,90,3.36,PE,04/01/2020
341,esik,43.36,77.45,53.6,32,90,6.71,KZ,04/01/2020
342,roald,62.58,6.13,41,86,75,19.46,NO,04/01/2020
343,grunberg,50.59,8.96,32,85,0,0.74,DE,04/01/2020
344,ahipara,-35.17,173.17,67.53,67,88,5.46,NZ,04/01/2020
345,burriana,39.89,-0.09,54,100,75,3.36,ES,04/01/2020
346,komsomolskiy,40.43,71.72,59,58,100,11.41,UZ,04/01/2020
347,kieta,-6.22,155.63,82.45,71,100,4.72,PG,04/01/2020
348,joshimath,30.57,79.57,52.66,23,24,1.63,IN,04/01/2020
349,kampene,-3.6,26.67,69.26,82,100,1.12,CD,04/01/2020
350,puerto lopez,4.08,-72.96,77.27,81,100,3.98,CO,04/01/2020
351,palembang,-2.92,104.75,80.13,84,100,2.26,ID,04/01/2020
352,the pas,53.83,-101.25,21.2,85,90,16.11,CA,04/01/2020
353,luangwa,-15.62,30.42,65.77,77,0,2.21,ZM,04/01/2020
354,barquisimeto,10.07,-69.32,62.6,100,31,6.93,VE,04/01/2020
355,cap-aux-meules,47.38,-61.86,32.97,96,100,15.68,CA,04/01/2020
356,tarakan,3.3,117.63,83.14,68,90,5.12,ID,04/01/2020
357,acapulco,16.86,-99.89,78.8,88,20,3.74,MX,04/01/2020
358,prado,-17.34,-39.22,77.56,87,13,5.37,BR,04/01/2020
359,tautira,-17.73,-149.15,82.4,78,23,3.36,PF,04/01/2020
360,mashivka,49.44,34.87,28.47,83,0,8.5,UA,04/01/2020
361,inhambane,-23.86,35.38,72.25,72,48,3.09,MZ,04/01/2020
362,chauk,20.88,94.82,89.91,22,0,4.68,MM,04/01/2020
363,adrar,20.5,-10.07,76.8,16,100,6.38,MR,04/01/2020
364,wicklow,53,-6.42,42.01,80,75,5.82,IE,04/01/2020
365,sladkovo,55.53,70.34,30.27,96,78,8.59,RU,04/01/2020
366,zaozerne,45.16,33.28,38.52,72,100,19.22,UA,04/01/2020
367,pasighat,28.07,95.33,82,33,43,1.07,IN,04/01/2020
368,gat,31.61,34.76,59,77,75,13.87,IL,04/01/2020
369,tezu,27.92,96.17,87.4,22,17,3,IN,04/01/2020
370,okhotsk,59.38,143.3,24.76,96,99,12.77,RU,04/01/2020
371,fortuna,40.6,-124.16,48.99,87,1,6.78,US,04/01/2020
372,port lincoln,-34.73,135.87,65.95,61,78,6.02,AU,04/01/2020
373,borogontsy,62.67,131.17,25.27,96,100,4.12,RU,04/01/2020
374,porto seguro,-16.45,-39.06,75.2,94,40,4.7,BR,04/01/2020
375,codrington,-38.27,141.97,68.58,52,100,6.35,AU,04/01/2020
376,maragogi,-9.01,-35.22,79.32,83,69,7.83,BR,04/01/2020
377,tacoronte,28.48,-16.41,64.4,93,75,8.05,ES,04/01/2020
378,port macquarie,-31.43,152.92,80.01,65,1,9.17,AU,04/01/2020
379,big rapids,43.7,-85.48,41,86,90,4.7,US,04/01/2020
380,sohbatpur,28.52,68.54,72.54,53,0,14.56,PK,04/01/2020
381,nyurba,63.28,118.33,13.53,94,100,10.58,RU,04/01/2020
382,labuhan,-6.88,112.21,87.91,66,4,1.81,ID,04/01/2020
383,omboue,-1.57,9.26,79.09,89,92,6.24,GA,04/01/2020
384,beloha,-25.17,45.05,69.24,90,31,9.06,MG,04/01/2020
385,santa rosa,14.31,121.11,91.4,55,20,6.93,PH,04/01/2020
386,grindavik,63.84,-22.43,35.6,77,75,16.11,IS,04/01/2020
387,kiruna,67.86,20.23,19.4,92,40,11.41,SE,04/01/2020
388,haines junction,60.75,-137.51,11.17,80,99,2.8,CA,04/01/2020
389,borovoy,55.43,86.08,35.6,59,0,4.47,RU,04/01/2020
390,redding,40.59,-122.39,60.8,41,1,4.7,US,04/01/2020
391,trairi,-3.28,-39.27,80.22,83,100,8.05,BR,04/01/2020
392,karpathos,35.51,27.21,57.2,82,7,18.34,GR,04/01/2020
393,del rio,29.36,-100.9,71.6,30,1,8.05,US,04/01/2020
394,marawi,8,124.29,82.74,42,100,5.55,PH,04/01/2020
395,axim,4.87,-2.24,80.02,90,72,7.16,GH,04/01/2020
396,luwuk,-0.95,122.79,85.01,68,86,3,ID,04/01/2020
397,alice springs,-23.7,133.88,84.2,54,44,16.11,AU,04/01/2020
398,nuevo progreso,23.17,-97.95,75.99,78,90,1.01,MX,04/01/2020
399,san jose,37.34,-121.89,57.99,71,20,12.75,US,04/01/2020
400,rawson,-43.3,-65.1,60.44,59,10,19.75,AR,04/01/2020
401,barcelos,41.54,-8.62,42.8,81,40,8.05,PT,04/01/2020
402,leningradskiy,69.38,178.42,14.68,93,87,5.5,RU,04/01/2020
403,bridlington,54.08,-0.19,43,80,98,3.36,GB,04/01/2020
404,santa catalina,9.33,122.86,87.8,58,20,13.87,PH,04/01/2020
405,konza,-1.74,37.13,62.6,100,90,4.7,KE,04/01/2020
406,kultuk,51.72,103.7,43.63,54,78,3.13,RU,04/01/2020
407,shimoda,34.67,138.95,59,93,75,21.92,JP,04/01/2020
408,pagudpud,18.56,120.79,86,74,20,11.41,PH,04/01/2020
409,cabedelo,-6.98,-34.83,77,100,20,4.7,BR,04/01/2020
410,tarboro,35.9,-77.54,48.2,93,90,11.41,US,04/01/2020
411,jackson,42.42,-122.83,44.6,75,90,4.7,US,04/01/2020
412,quatre cocos,-20.21,57.76,82,94,40,7.67,MU,04/01/2020
413,kandiaro,27.06,68.21,75.85,47,0,13.04,PK,04/01/2020
414,winnetka,42.11,-87.74,37.99,86,90,8.05,US,04/01/2020
415,la palma,33.85,-118.05,68,52,1,4.7,US,04/01/2020
416,puerto madero,14.72,-92.42,80.6,83,40,8.79,MX,04/01/2020
417,esil,51.96,66.4,27.95,92,100,13.89,KZ,04/01/2020
418,taunggyi,20.78,97.03,82.89,19,0,5.39,MM,04/01/2020
419,ukiah,39.15,-123.21,55,71,1,8.05,US,04/01/2020
420,san roque,36.21,-5.38,57.2,87,47,4.7,ES,04/01/2020
421,pisco,-13.7,-76.22,71.6,83,98,4.7,PE,04/01/2020
422,lincoln,40.8,-96.67,59,54,1,12.75,US,04/01/2020
423,sarakhs,36.54,61.16,51.8,100,49,4.7,IR,04/01/2020
424,yara,20.28,-76.95,72.95,80,2,3.15,CU,04/01/2020
425,galveston,29.37,-94.97,66.2,59,1,9.17,US,04/01/2020
426,gushikawa,26.35,127.87,69.01,100,90,17.22,JP,04/01/2020
427,camacha,33.08,-16.33,59,66,20,6.93,PT,04/01/2020
428,marathon,44.9,-89.77,39.2,74,90,4.16,US,04/01/2020
429,chimoio,-19.12,33.48,64.4,93,0,2.35,MZ,04/01/2020
430,vao,-22.67,167.48,74.97,78,45,16.46,NC,04/01/2020
431,harlingen,26.19,-97.7,73.99,77,1,11.41,US,04/01/2020
432,keflavik,64,-22.56,35.6,79,75,16.11,IS,04/01/2020
433,acari,-15.43,-74.62,73.65,65,100,2.73,PE,04/01/2020
434,bondo,3.81,23.69,72.46,77,100,3.13,CD,04/01/2020
435,pathein,16.78,94.73,89.6,39,0,8.05,MM,04/01/2020
436,northam,51.03,-4.22,37,87,0,4,GB,04/01/2020
437,conde,-7.26,-34.91,77,100,20,4.7,BR,04/01/2020
438,amapa,1,-52,73.47,94,100,1.14,BR,04/01/2020
439,albania,41,20,42.8,93,90,2.24,AL,04/01/2020
440,qui nhon,13.77,109.23,86.68,58,61,4.38,VN,04/01/2020
441,havelock,34.88,-76.9,52,81,75,13.87,US,04/01/2020
442,zhigansk,66.77,123.37,12.56,94,99,13.94,RU,04/01/2020
443,panzhihua,26.59,101.71,82.29,12,0,1.7,CN,04/01/2020
444,cortez,37.35,-108.59,39.99,55,1,4.7,US,04/01/2020
445,nambucca heads,-30.65,153,78.01,69,40,8.05,AU,04/01/2020
446,starosubkhangulovo,53.1,57.44,34.5,75,100,1.7,RU,04/01/2020
447,halifax,44.65,-63.57,33.01,100,90,8.05,CA,04/01/2020
448,bilma,18.69,12.92,80.94,17,0,6.08,NE,04/01/2020
449,katherine,-14.47,132.27,98.6,30,40,11.41,AU,04/01/2020
450,atbasar,51.8,68.33,22.53,91,96,9.98,KZ,04/01/2020
451,magadan,59.57,150.8,20.73,89,0,0.72,RU,04/01/2020
452,wanning,18.8,110.4,83.75,67,11,5.77,CN,04/01/2020
453,nelson bay,-32.72,152.15,82,51,40,9.17,AU,04/01/2020
454,tiarei,-17.53,-149.33,82.4,78,8,3.36,PF,04/01/2020
455,talnakh,69.49,88.4,10.4,92,75,17.9,RU,04/01/2020
456,elbistan,38.21,37.2,43.63,58,100,2.1,TR,04/01/2020
457,kirakira,-10.45,161.92,83.93,77,100,5.93,SB,04/01/2020
458,isangel,-19.55,169.27,84.2,79,90,11.41,VU,04/01/2020
459,sur,22.57,59.53,76.86,71,0,4.81,OM,04/01/2020
460,kuopio,62.89,27.68,30.2,86,39,9.17,FI,04/01/2020
461,kemijarvi,66.71,27.43,20.71,95,100,8.7,FI,04/01/2020
462,gubkinskiy,64.43,76.5,19,97,100,5.53,RU,04/01/2020
463,lazaro cardenas,17.96,-102.2,76.39,78,0,4.41,MX,04/01/2020
464,rehoboth,-23.32,17.08,61.39,30,0,3.02,NA,04/01/2020
465,cascais,38.7,-9.42,48.2,93,20,14.29,PT,04/01/2020
466,guadix,37.3,-3.14,46.99,93,75,1.12,ES,04/01/2020
467,keene,42.93,-72.28,34,96,90,2.95,US,04/01/2020
468,saint-leu,-21.15,55.28,79,73,75,9.17,RE,04/01/2020
469,farah,32.5,62.5,55.71,41,3,8.08,AF,04/01/2020
470,brigantine,39.41,-74.36,43,70,1,11.41,US,04/01/2020
471,palmer,42.16,-72.33,37,74,90,8.05,US,04/01/2020
472,mitsamiouli,-11.38,43.28,83.32,77,52,13.13,KM,04/01/2020
473,vila velha,-20.33,-40.29,77,94,75,2.24,BR,04/01/2020
474,kikwit,-5.04,18.82,71.96,76,91,1.32,CD,04/01/2020
475,copiapo,-27.37,-70.33,60.8,82,59,8.05,CL,04/01/2020
476,boende,-0.22,20.87,72.12,83,98,0.78,CD,04/01/2020
477,karaton,-6.34,106.1,86,66,40,2.24,ID,04/01/2020
478,sinaloa,25,-107.5,66.2,88,75,2.21,MX,04/01/2020
479,hovd,48.01,91.64,28.62,44,0,0.67,MN,04/01/2020
480,aiquile,-18.2,-65.18,58.32,46,93,1.77,BO,04/01/2020
481,hay river,60.82,-115.8,-5.8,76,20,6.93,CA,04/01/2020
482,husavik,66.04,-17.34,30.2,86,90,13.87,IS,04/01/2020
483,juneau,58.3,-134.42,30.2,28,75,8.05,US,04/01/2020
484,port hardy,50.7,-127.42,42.8,75,75,4.7,CA,04/01/2020
485,kutum,14.2,24.67,67.3,16,0,4.85,SD,04/01/2020
486,tabou,4.42,-7.35,80.01,88,95,4.32,CI,04/01/2020
487,ojinaga,29.57,-104.42,75.2,8,1,5.82,MX,04/01/2020
488,mahajanga,-15.72,46.32,75.2,94,20,2.24,MG,04/01/2020
489,eyl,7.98,49.82,81.72,76,69,10.4,SO,04/01/2020
490,salalah,17.02,54.09,77,78,20,4.7,OM,04/01/2020
491,wanaka,-44.7,169.15,65.97,31,0,1.36,NZ,04/01/2020
492,mizdah,31.45,12.98,51.73,65,0,4.59,LY,04/01/2020
493,mundybash,53.21,87.3,41.2,59,0,1.95,RU,04/01/2020
494,north bend,43.41,-124.22,45,70,40,6.73,US,04/01/2020
495,palencia,42.42,-4.5,44.01,88,100,5.99,ES,04/01/2020
496,paita,-5.09,-81.11,77.43,68,92,7.52,PE,04/01/2020
497,nynashamn,58.9,17.95,37.99,80,10,3.36,SE,04/01/2020
498,westlock,54.15,-113.87,3.99,84,90,9.17,CA,04/01/2020
499,mathbaria,22.29,89.96,88.86,24,0,2.35,BD,04/01/2020
500,grafton,42.21,-71.69,33.8,86,1,3.36,US,04/01/2020
501,vilcun,-38.65,-72.23,45,93,0,1.12,CL,04/01/2020
502,kangasala,61.46,24.08,32,91,90,12.75,FI,04/01/2020
503,taltal,-25.4,-70.48,65.64,70,13,0.92,CL,04/01/2020
504,mehamn,71.04,27.85,26.6,91,40,18.34,NO,04/01/2020
505,sulgen,47.54,9.19,30.2,74,0,5.82,CH,04/01/2020
506,baijiantan,45.63,85.18,47.52,38,0,17.87,CN,04/01/2020
507,alta floresta,-9.88,-56.09,72.81,88,99,1.54,BR,04/01/2020
508,laksham,23.25,91.14,88.59,23,0,5.59,BD,04/01/2020
509,burnie,-41.07,145.92,66,54,15,1.99,AU,04/01/2020
510,ostrovnoy,68.05,39.51,20.71,94,100,19.44,RU,04/01/2020
511,alto araguaia,-17.31,-53.22,70.75,72,26,3.36,BR,04/01/2020
512,genhe,50.78,121.52,39.06,48,22,12.93,CN,04/01/2020
513,tarko-sale,64.92,77.78,19,94,100,6.71,RU,04/01/2020
514,grootfontein,-19.57,18.12,62.17,61,3,5.77,NA,04/01/2020
515,manta,-0.95,-80.73,78.8,74,90,2.24,EC,04/01/2020
516,sawakin,19.11,37.33,75.43,38,0,1.16,SD,04/01/2020
517,show low,34.25,-110.03,57.2,40,1,4.7,US,04/01/2020
518,bratsk,56.13,101.61,41,56,98,15.66,RU,04/01/2020
519,lensk,60.73,114.93,16.77,88,70,11.54,RU,04/01/2020
520,veinticinco de mayo,-35.43,-60.17,66.99,95,98,1.99,AR,04/01/2020
521,terney,45.05,136.61,47.43,51,100,6.93,RU,04/01/2020
522,muros,42.78,-9.06,46.99,93,75,1.12,ES,04/01/2020
523,staryy nadym,65.61,72.68,17.53,92,100,1.16,RU,04/01/2020
524,la carlota,10.42,122.92,91.9,35,1,3.13,PH,04/01/2020
525,goma,-1.68,29.22,62.47,50,45,0.58,CD,04/01/2020
526,port antonio,18.18,-76.46,78.8,65,20,3.36,JM,04/01/2020
527,nagato,34.38,131.2,54,81,75,27.51,JP,04/01/2020
528,havoysund,71,24.66,26.6,86,75,17.22,NO,04/01/2020
529,poum,-20.23,164.02,78.87,76,79,13.71,NC,04/01/2020
530,baruun-urt,46.68,113.28,40.37,32,0,15.61,MN,04/01/2020
531,lahat,-3.8,103.53,80.64,77,100,2.53,ID,04/01/2020
532,miri,4.41,114.01,91.4,70,75,5.82,MY,04/01/2020
533,yankton,42.87,-97.4,54,66,1,8.05,US,04/01/2020
534,lingao,19.91,109.69,77.5,77,72,0.29,CN,04/01/2020
535,oxbow,49.23,-102.17,26.6,86,90,12.75,CA,04/01/2020
536,indian head,38.6,-77.16,44.01,87,90,3.36,US,04/01/2020
537,kununurra,-15.77,128.73,98.6,32,0,4.7,AU,04/01/2020
538,krasnoarmeysk,51.02,45.7,28.99,59,0,5.99,RU,04/01/2020
539,rio cauto,20.56,-76.92,78.8,47,40,5.82,CU,04/01/2020
540,hidalgo,20.5,-99,61.75,45,12,7.34,MX,04/01/2020
541,rurrenabaque,-14.44,-67.53,75.49,84,85,1.72,BO,04/01/2020
542,turkmenabat,39.07,63.58,55.4,93,90,9.17,TM,04/01/2020
543,glens falls,43.31,-73.64,39.2,86,20,3.36,US,04/01/2020
544,nago,26.59,127.98,69.01,100,90,17.22,JP,04/01/2020
545,port blair,11.67,92.75,81.7,71,0,6.93,IN,04/01/2020
546,sao felix do xingu,-6.64,-51.99,73.42,90,86,0.29,BR,04/01/2020
547,tacuarembo,-31.73,-55.98,65.89,87,9,11.39,UY,04/01/2020
548,shenkursk,62.11,42.9,19.2,92,58,6.49,RU,04/01/2020
549,babol,36.55,52.68,46.4,87,1,2.24,IR,04/01/2020
550,paciran,-6.88,112.38,88.65,65,4,1.52,ID,04/01/2020
551,chitungwiza,-18.01,31.08,58.14,57,0,4.36,ZW,04/01/2020
552,tsabong,-26.02,22.4,64.33,67,15,2.62,BW,04/01/2020
553,saveh,35.02,50.36,50.41,48,75,4.34,IR,04/01/2020
554,kalabo,-14.97,22.68,66.99,71,98,4.9,ZM,04/01/2020
555,duvan,55.7,57.9,34.79,75,100,2.66,RU,04/01/2020
556,grandview,38.89,-94.53,57.99,41,1,8.05,US,04/01/2020
557,starcevo,41.42,25.07,44.6,70,90,14.99,BG,04/01/2020
558,buraydah,26.33,43.98,69.8,52,0,13.87,SA,04/01/2020
559,pechenga,69.53,31.17,21.2,85,40,17.22,RU,04/01/2020
560,kargil,34.57,76.1,28.89,25,94,4.81,IN,04/01/2020
561,bubaque,11.28,-15.83,78.76,71,58,9.26,GW,04/01/2020
562,comodoro rivadavia,-45.87,-67.5,51.8,66,98,3.27,AR,04/01/2020
563,puerto del rosario,28.5,-13.86,62.6,77,0,5.82,ES,04/01/2020
564,oktyabrskoye,43.06,44.74,41,100,28,6.71,RU,04/01/2020
565,mungwi,-10.17,31.37,60.85,67,76,2.55,ZM,04/01/2020